consultation_id,age,skin_type,concerns,budget,allergies,values,experience,products_recommended,total_price,reasoning,warning_notes
"Уникальный ID консультации (cons_001, cons_002...)","Возраст клиента (число: 25, 30, 45)",Тип кожи: жирная/сухая/комбинированная/чувствительная/нормальная,"Проблемы через запятую: акне, морщины, пигментация, обезвоживание",Категория бюджета: low (<5000₽) / medium (5-10к₽) / high (>10к₽),"Аллергии/чувствительность через запятую: салициловая кислота, ретинол, fragrance (или ""none"")",Стратегия подбора: минимализм/luxury/этика/баланс,Уровень опыта: начинающий/средний/продвинутый,"ID продуктов через запятую: product_001, product_015, product_027 (связь с базой продуктов)",Итоговая сумма косметички в рублях,"Краткое обоснование выбора (1-2 предложения: почему эти продукты, какие замены, что важно)","Предупреждения и важные заметки: ""вводить кислоты постепенно"", ""не использовать утром из-за фототоксичности"""
cons_001,22,Жирная с акне,"Акне, расширенные поры, себорегуляция",low,None,Баланс (качество + цена),Начинающий,"product_007, product_027, product_028, product_031, product_066","3,957","COSRX Low pH (мягкий BHA для новичков) + DE_CODE Acid Key (PHA мягче, не раздражает) + MASKOHOLIC (тройной пилинг 1x в неделю) + SPF дешевый FOR ME. Постепенная адаптация кислот.","⚠️ Вводить кислоты МЕДЛЕННО (1 неделя только Acid Key 1x, потом добавлять COSRX). ⚠️ МАСКОХОЛИК только 1-2x в неделю ночью. ❌ НЕ комбинировать все пилинги в один день."
cons_002,28,Комбинированная (T-зона жирная),"Жирность T-зоны, матирование, гидратация щек",medium,Propylene Glycol,Баланс,Средний,"product_018, product_015, product_035, product_046","7,219","COSRX AHA/BHA/C Toner (для T-зоны контроль), 8.1.8 b.moisture (универсальный + витамин C), VICHY Mineral 89 (легкий с мягким себоконтролем), Round Lab SPF (универсальный). BHA для T-зоны, гиалуронат для щек.",⚠️ Propylene Glycol в COSRX может быть проблемой — нанести сначала на маленький участок. ⚠️ VICHY не рекомендуется если чувствительность на BHA.
cons_003,45,"Сухая, зрелая","Морщины, потеря упругости, обезвоживание",high,None,Люкс (инновация),Продвинутый,"product_050, product_048, product_045, product_041, product_025","12,408","PAYOT Creme Riche (ночь, питание), Round Lab Birch Serum (витамин C для осветления), Round Lab 1025 Dokdo Cream (керамидная триада!), Ma:nyo Vitamin Tree (облепиха ночь), PAYOT тонер для тонизирования. ANTI-AGE стратегия: витамин C днём + питание ночью + керамиды.",🚨 JASMINUM OIL в PAYOT НОЧЬ ТОЛЬКО (фототоксичен). ✅ Витамин C + Bakuchiol синергия (хорошо).
cons_004,19,"Чувствительная, склонна к раздражению","Чувствительность, воспаление, раздражение",low,"Salicylic Acid, Fragrance",Минимализм (только необходимое),Начинающий,"product_002, product_023, product_042, product_037, product_047","5,18","Bioderma Sensibio Gel (классик для sensitive), Bioderma Sensibio Тоник (пребиотик восстановление), Round Lab Mugwort Gel (успокаивание полынью), THE U Keep Calm (Centella), Round Lab Birch тканевая маска (раз в неделю). ZERO кислот, только успокаивание и восстановление.","❌ НЕ ДОБАВЛЯТЬ кислоты! ⚠️ Если воспаление усилится — паузу 2 недели на одном Sensibio Gel. 💡 Это базовый, безопасный routine."
cons_005,31,Жирная с постакне,"Пигментация (постакне), себум, рубцы",medium,None,Баланс + результативность,Средний,"product_007, product_052, product_059, product_051, product_068","6,887","COSRX Low pH (очищение), ART & FACT Azeloglicine (мощная азелаиновая кислота против пигментации!), Eucerin Anti-Pigment (специальный депигментирующий), ART & FACT Niacinamide (себо-контроль), POGONIA SPF 50+ (anti-age защита). Тройной подход: пигментация + себо + защита.","🚨 Azeloglicine 10% МОЩНА! Вводить медленно (2 раза в неделю, потом ежедневно). ⚠️ Не комбинировать Azeloglicine + Eucerin в один день (избыток депигментации). ✅ SPF КРИТИЧЕН (защита от новой пигментации)."
cons_006,35,Нормальная кожа,"Профилактика старения, осветление",medium,None,Люкс-минимализм,Средний,"product_007, product_043, product_048, product_045, product_046","8,576","COSRX Low pH (мягкая основа), Round Lab Birch Toner (витамин C источник!), Round Lab Birch Serum (осветление + гиалуронат), Round Lab 1025 Dokdo Cream (керамиды), Round Lab SPF (весь stack Round Lab = синергия). Entire Round Lab system (pH-буферизирован, работает вместе).",✅ Round Lab — идеальная комбинация (все pH-оптимизировано для синергии). ⚠️ Если бюджет позволяет — полный стэк. Если нет — убрать Serum (Toner + Cream достаточно).
cons_007,26,"Жирная, проблемная","Акне, чёрные точки, постоянный себум",low,None,Результативность,Начинающий,"product_044, product_028, product_031, product_051, product_066","3,453","Round Lab 1025 Dokdo Bubble (5 мягких ПАВ + BHA для новичков!), DE_CODE Acid Key (PHA начало), MASKOHOLIC (тройной пилинг редко), ART & FACT Niacinamide (ежедневно), SPF дешевый. Постепенное введение BHA → PHA → редкий тройной пилинг.",⚠️ Вводить Acid Key только после 2 недель привыкания к Dokdo. ⚠️ MASKOHOLIC 1-2x в неделю максимум (тройной пилинг агрессив). ✅ Niacinamide (10%) ежедневно — это KEY компонент.
cons_008,52,"Сухая, чувствительная, зрелая","Морщины, сухость, воспаление, хрупкость кожи",high,"Paraben, Fragrance",Люкс + забота,Продвинутый,"product_049, product_038, product_040, product_041, product_069","11,675","Uriage Xemose (мягкая лактическая кислота + керамиды!), Гельтек NMF Protection (восстановление барьера — ЛЕГЕНДАРНЫЙ), Ma:nyo Bifida Biome (пробиотики + BHA+PHA мягко), Ma:nyo Vitamin Tree (облепиха осветление), Round Lab SPF с витамином C. СУПЕР-ВОССТАНОВЛЕНИЕ: NMF система + пробиотики + мягкий пилинг + витамин C (без агрессии).","✅ NMF система (9 аминокислот) = редкость, очень эффективна. ⚠️ Xemose содержит мягкую лактическую кислоту, но может раздражать sensitive — тест на маленьком участке. 🚨 Bifida вводить через 2 недели адаптации на Xemose + NMF."
cons_009,24,"Жирная, проблемная кожа","Акне умеренное, себум, воспаление",medium,None,Результативность + баланс,Средний,"product_003, product_026, product_052, product_051, product_066","6,594","Bioderma Sebium (лактическая кислота + цинк + медь!), Krygina Exfoliating Toner (тройной AHA), ART & FACT Azeloglicine (мощная против акне + пигментации), ART & FACT Niacinamide (себо-контроль), SPF дешевый. Комбинация: BHA (не ясно какая) + Krygina (3 AHA) + Azeloglicine = МОЩНЫЙ пилинг.","🚨 ОЧЕНЬ АГРЕССИВНО! Krygina + Azeloglicine НЕЛЬЗЯ в один день! ⚠️ Схема: пн-среда Krygina, чт-сб Azeloglicine, вск отдых. ⚠️ Обязателен SPF 50++ (защита от пигментации). ✅ Для опытных ONLY."
cons_010,38,Комбинированная,"Пигментация, усталость кожи, потеря сияния",medium,None,Баланс (результат + комфорт),Средний,"product_008, product_014, product_048, product_045, product_046","8,091","Biocos (гидратация + себо-контроль за счёт Kaolin), Pleyana Фитобиотоник (гидратация + адаптогены), Round Lab Birch Serum (витамин C + гиалуронаты), Round Lab 1025 Dokdo Cream (керамиды), Round Lab SPF. Soft approach: гидратация + витамин C (мягко) + керамиды (восстановление).","⚠️ Biocos содержит Kaolin + Silica (может пересушить, использовать 2-3x в неделю). ✅ Pleyana адаптогены хорошо для усталости кожи. ⚠️ Витамин C (Ascorbyl Glucoside) работает медленнее, но безопаснее."
cons_011,29,Нормальная кожа,"Профилактика морщин, светлая пигментация",low,None,Минимализм (только KEY),Начинающий,"product_004, product_021, product_028, product_025, product_047","3,815","Aravia Hyaluronic Micellar Water (очень дешево, хороший ratio), PAYOT Lotion Tonique (классический, работает), DE_CODE Acid Key (PHA мягкий, не страшный), Tony Morris Face Tonic (дешевый двойной AHA+BHA), Round Lab тканевая маска (гиалуронаты). БЮДЖЕТНЫЙ ИНТЕЛЛЕКТ: выбраны дешевые продукты, которые работают честно.","✅ Aravia (0.97₽/мл) — лучший ratio среди мицеллярных. ✅ DE_CODE (2.66₽/мл) для введения кислот. ✅ Без SPF (для бюджета), НО если выйти из дома — добавить SPF."
cons_012,50,"Сухая, чувствительная","Глубокие морщины, истончение кожи, воспаление",high,"Alcohol, SLS",Люкс + экология,Продвинутый,"product_011, product_038, product_041, product_045, product_070","13,289","Siberian Health пенка с эндемиками (мягко, пребиотики), Гельтек NMF Protection (9 аминокислот!), Ma:nyo Vitamin Tree (облепиха витамины), Round Lab 1025 Dokdo Cream (керамидная пентада!), Celimax Dual Barrier SPF (9 керамидов в SPF!). ДВОЙНОЙ КЕРАМИДНЫЙ ПОДХОД: NMF (9 amino acids) + Dokdo (5 керамидов) + Celimax SPF (9 керамидов) = максимальное восстановление барьера.","✅ Triple керамидная защита (редко встречается). ⚠️ Celimax содержит МНОГО СИЛИКОНОВ (может быть пленка на коже, при чувствительности — тест). ✅ Siberian Health без SLS/Alcohol (экологично). 🚨 SPF важен (хрупкая кожа = фотостарение критично)."
cons_013,27,Жирная,"Акне легкое, себум, чёрные точки",medium,None,Результативность,Средний,"product_007, product_033, product_031, product_051, product_065","5,902","COSRX Low pH (BHA 0.5%, мягкий), Siberian Health Тоник мягкий BHA (еще мягче, для адаптации), MASKOHOLIC (тройной редко), ART & FACT Niacinamide (10% — мощно), ORIKO Royal Red Ginseng SPF (дешево, 5 гиалуронатов!). ФОКУС на себорегуляцию: мягкий BHA → мягкий BHA (адаптация) → редкий тройной пилинг + Niacinamide ежедневно.",⚠️ Вводить Siberian Тоник только после привыкания к COSRX (2 недели). ⚠️ MASKOHOLIC 1-2x в неделю (очень агрессив). ✅ Niacinamide 10% — это ГЛАВНОЕ (будет видна разница в неделю). ✅ ORIKO SPF экономичен (13.26₽/мл).
cons_014,41,Сухая,"Потеря эластичности, морщины, тусклость",high,None,Люкс инновация,Продвинутый,"product_009, product_050, product_048, product_045, product_046, product_040","16,357","EMANSI Sapindus Pore (премиум очищение), PAYOT Creme Riche (питание ночь), Round Lab Birch Serum (витамин C днём), Round Lab 1025 Dokdo Cream (керамиды днём/ночь), Round Lab SPF, Ma:nyo Bifida Biome Sleep (пробиотики восстановление ночь). ЛЮКС ANTI-AGE: премиум очищение + витамин C днём + питание ночь + пробиотики (восстановление микробиома = молодость кожи).","✅ Bifida в маске за ночь (пробиотики работают во время сна). ⚠️ EMANSI дорого (16.15₽/мл), но премиум очищение = фундамент. 🚨 PAYOT НОЧЬ ТОЛЬКО (Jasminum Oil фототоксичен). ✅ Синергия Round Lab (pH-буферизирована)."
cons_015,23,Чувствительная кожа,"Постоянное раздражение, чувствительность, миниатюрные прыщики",low,"Alcohol Denat, Benzyl Alcohol, Salicylic Acid",Минимализм + безопасность,Начинающий,"product_002, product_023, product_015, product_047, product_037","4,298","Bioderma Sensibio Gel (ZERO раздражители), Bioderma Sensibio Тоник (пребиотики), 8.1.8 b.moisture (гиалуронат + керамиды + витамин C), Round Lab тканевая маска (раз в неделю гиалуронаты), THE U Keep Calm (Centella успокаивание). НУЛЕВАЯ АГРЕССИЯ: только успокаивание, гидратация, восстановление барьера. НЕ добавлять кислоты!",❌ НИКАКИХ КИСЛОТ! ❌ НЕТ Fragrance! ✅ Если раздражение — паузу на Sensibio Gel 1-2 недели (только он). ⚠️ Если улучшится → добавлять по 1 продукту в неделю (медленно).
cons_016,47,"Чувствительная, зрелая","Воспаление, морщины, сухость, чувствительность",high,"Fragrance, Paraben",Люкс забота,Продвинутый,"product_023, product_038, product_042, product_040, product_070, product_069","14,106","Bioderma Sensibio Тоник (пребиотики + успокаивание), Гельтек NMF Protection (9 аминокислот восстановление), Round Lab Mugwort Gel (Artemisia + Centella успокаивание, дополнительно), Ma:nyo Bifida Biome (пробиотики + BHA+PHA мягко для anti-age пилинга), Celimax Dual Barrier SPF (9 керамидов для чувствительной + SPF), Round Lab SPF (дополнительный опцион). КОМФОРТНЫЙ ANTI-AGE: восстановление барьера (NMF + Bioderma) + успокаивание (Mugwort + Centella) + мягкий пилинг (Bifida) + SPF (защита).","✅ Bifida вводить через 2 недели (очень мягкий, но пилинг). ⚠️ Celimax много силиконов — может быть пленка. Если раздражение → убрать Celimax, использовать только Round Lab SPF. ✅ NO Fragrance (все продукты без запаха или минимальный)."
cons_017,25,"Жирная, проблемная","Серьёзное акне, рубцы, пигментация",medium,None,Результативность,Продвинутый,"product_003, product_026, product_062, product_052, product_051, product_068","6,815","Bioderma Sebium (LHA + цинк + медь), Krygina Exfoliating Toner (тройной AHA), TRUE ALCHEMY Lactic Acid 9% + LHA (LHA работает в порах!), ART & FACT Azeloglicine (мощная азелаиновая кислота), ART & FACT Niacinamide (себо-контроль), POGONIA SPF 50+ Idebenone (anti-age защита от рубцов). АГРЕССИВНАЯ СТРАТЕГИЯ: Krygina (AHA) + Azeloglicine (яв.кислота) + Lactic+LHA (AHA+LHA) = МОЩНЫЙ пилинг. Idebenone (антиоксидант для рубцов).","🚨 ТОЛЬКО для продвинутых! График: пн-вт Krygina, чт-пт Azeloglicine, сб Lactic+LHA, вск отдых. ❌ НЕ комбинировать кислоты. ✅ Niacinamide (10%) ежедневно для восстановления. ✅ Idebenone редкий (отличный для рубцов)."
cons_018,33,Нормальная,"Лёгкая пигментация, профилактика морщин, сияние",medium,None,Баланс,Средний,"product_001, product_020, product_043, product_048, product_045, product_047","7,264","Pleyana пенка (мягко, NMF-подобное очищение), Bioderma Hydrabio Тоник (пребиотики для гидратации), Round Lab Birch Toner (витамин C источник), Round Lab Birch Serum (витамин C + гиалуронат), Round Lab 1025 Dokdo Cream (керамиды дневь), Round Lab тканевая маска. СБАЛАНСИРОВАННЫЙ: мягкое очищение + увлажнение + витамин C (мягкий) + керамиды + маска. Весь стэк Round Lab (синергия pH).","✅ Round Lab pH-буферизирован (работает вместе). ✅ Pleyana (мягко, хорошее очищение). ✅ Витамин C через Ascorbyl Glucoside (мягко, не раздражает). 📌 Хороший routine для долгосрочной заботы кожи."
cons_019,21,Жирная с акне,"Первый раз ухаживаю за кожей, акне, себум",low,None,Минимализм обучение,Начинающий ОЧЕНЬ новичок,"product_005, product_028, product_031, product_051, product_047","2,879","DE_CODE Aqua Key пенка (мягко, гиалуронат + мягкий AHA микро), DE_CODE Acid Key (PHA мягче всех, начало в кислотах), MASKOHOLIC (редко 1x в неделю, введение в пилинги), ART & FACT Niacinamide (10% ежедневно, главный компонент), Round Lab тканевая маска (гиалуронат раз в неделю). EDUCATION MODE: Это базовый, щадящий routine. Обучение кислотам, BHA, пилингам.","⚠️ ОЧЕНЬ НОВИЧОК — начать только DE_CODE Aqua Key + Niacinamide на месяц! ⚠️ Acid Key добавить только на 2-й месяц. ⚠️ MASKOHOLIC на 3-й месяц. 📌 Это обучающий routine, а не полный уход. ✅ DE_CODE очень дешево (2.66₽/мл Acid Key)."
cons_020,44,"Сухая, зрелая","Глубокие морщины, потеря объема, дряблость",high,None,Люкс anti-age,Продвинутый,"product_012, product_050, product_048, product_045, product_041, product_069","15,891","Siberian Health пенка с пробиотиками (мягко, восстановление), PAYOT Creme Riche (ночь, питание премиум), Round Lab Birch Serum (витамин C осветление + анти-age), Round Lab 1025 Dokdo Cream (керамидная триада днём/ночь), Ma:nyo Vitamin Tree (облепиха пробиотики ночь), Round Lab SPF (защита от фотостарения). ПРЕМИУМ ANTI-AGE: пробиотики (восстановление) + витамин C (осветление + анти-окс) + керамиды (восстановление барьера) + питание (PAYOT) + облепиха ночь. Для зрелой кожи (фокус на восстановление микробиома + витамин C + питание).","✅ Комбинация Siberian (пробиотики) + Round Lab Serum (витамин C) + PAYOT (питание) = синергия anti-age. 🚨 PAYOT НОЧЬ ТОЛЬКО (Jasminum Oil фототоксичен). ⚠️ Витамин C (Ascorbyl Glucoside в Round Lab) работает медленнее, но безопаснее + стабильнее. ✅ SPF КРИТИЧЕН (фотостарение — главный враг)."
cons_021,16,Жирная + акне (подростковое),"Акне тяжелое, себорегуляция, первый раз ухаживаю",medium,None,Баланс + образование,Начинающий (совсем новичок),"product_044, product_028, product_031, product_051, product_066","3,145","ПОДРОСТКОВАЯ кожа = специфична! Простой routine (5 шагов max). Пенка с мягким BHA (product_044 Dokdo Bubble). PHA для первого пилинга (product_028 Acid Key). Маска редко (product_031 1x в неделю!). Ниацинамид 10% ежедневно (product_051). SPF дешевый (product_066). ГЛАВНОЕ: Не переусложнять, не добавлять множество кислот.",⚠️ КРИТИЧНО: Подростки НЕ должны использовать ретинол / сильные AHA / сложные комбинации. ⚠️ Пилинг-маска (product_031) ТОЛЬКО 1x в неделю максимум. ⚠️ Следить за раздражением (кожа чувствительнее). 💡 Обучить правильному очищению (главное в подростковом возрасте).
cons_022,54,"Сухая, зрелая, дряблая","Глубокие морщины, потеря объема, дряблость, пигментация",high,None,Люкс + anti-age,Продвинутый,"product_050, product_048, product_045, product_041, product_046, product_014","9,891","MATURE 50+ = нужны пептиды, керамиды, витамин C ПЛЮС адаптогены (женьшень работает!). PAYOT Creme Riche (ночь, питание). Round Lab Serum (витамин C днём). Dokdo Cream (керамиды). Ma:nyo Vitamin Tree (облепиха ночь). Round Lab SPF (защита от фотостарения). Pleyana Фитобиотоник (адаптогены, женьшень = мощно для 54 лет). КОМБО: витамин C + керамиды + адаптогены + питание = anti-age против дряблости.",⚠️ Дряблость требует ДОЛГОСРОЧНОЙ работы (3-6 месяцев видимых результатов). ✅ Женьшень (адаптоген) помогает с истончением кожи. ✅ SPF 50+ ОБЯЗАТЕЛЕН (фотостарение главный враг). 🚨 Если очень глубокие морщины — консультация дерматолога (может быть нужна процедура).
cons_023,28,Комбинированная + розацеа (слабая),"Покраснение T-зоны, чувствительность, расширенные капилляры",medium,"Салициловая кислота, спирт, парфюм",Минимализм + лечение,Средний (с опытом чувствительной кожи),"product_042, product_023, product_038, product_045, product_046, product_037","7,894","РОЗАЦЕА = воспаление + расширенные сосуды. NO кислоты (BHA раздражает розацею!). ТОЛЬКО успокаивание: Mugwort Gel (полынь + центелла), Bioderma Sensibio Тоник (пребиотики), NMF Protection (восстановление барьера), Dokdo Cream (керамиды для T-зоны), Keep Calm (Centella обильно!), SPF 50+ (защита). КОМБО: Полынь + Centella + Pprebiotics + Barrier restoration = мощное противовоспаление без кислот.",🚨 КРИТИЧНО: NO BHA/AHA/PHA при розацее! ⚠️ Спирт раздражает. ⚠️ Парфюм раздражает (выбирать без запаха). 💡 Если не улучшится за месяц → дерматолог (розацея требует иногда системного лечения).
cons_024,42,Чувствительная + атопический дерматит (слабый),"Воспаление, зуд, покраснение, сухость, ломкий барьер",high,"Множество (парабены, спирты, парфюм, консерванты)",Лечение + забота,Продвинутый (но осторожный),"product_002, product_023, product_038, product_049, product_040","8,107","АТОПИЧЕСКИЙ ДЕРМАТИТ = самая сложная чувствительная кожа. Только ЛЕЧЕБНЫЕ продукты: Bioderma Sensibio Gel (очищение без раздражителей). Bioderma Sensibio Тоник (пребиотики восстанавливают микробиом). Гельтек NMF Protection (9 аминокислот = лучшее для атопии). Xemose Cream (лактическая кислота мягко + керамиды). Ma:nyo Bifida (ночь, пробиотики). ГЛАВНОЕ: BARRIER RESTORATION (восстановление кожного барьера).","🚨 КРИТИЧНО: При атопическом дерматите — ОБЯЗАТЕЛЬНО консультация дерматолога! 💊 Это НЕ косметика, это лечение. ⚠️ Избегать ЛЮБЫХ раздражителей (тестировать на маленьком участке). ⚠️ Если воспаление усилится → паузу на неделю (только Bioderma Sensibio гель). 🏥 Консультация дерматолога = ПЕРВЫЙ шаг."
cons_025,35,Нормальная + постоперационный уход (после пилинга CO2),"Восстановление барьера, гиперчувствительность, покраснение",high,"Любые консерванты, спирты",Лечение,Средний (но осторожный),"product_011, product_042, product_038, product_040, product_037, product_046","5,609",ПОСТОПЕРАЦИОННЫЙ = восстановление после агрессивной процедуры (CO2 пилинг). Первые 2 недели: ТОЛЬКО успокаивание + увлажнение. Siberian Health пенка (мягко с алоэ). Mugwort Gel (полынь успокаивает воспаление). NMF Protection (восстановление барьера!). Xemose Cream (лактическая кислота мягко помогает при заживлении). Bifida маска ночь (пробиотики = заживление). SPF 50+++ ОБЯЗАТЕЛЕН (кожа очень уязвима к солнцу)!,"🚨 КРИТИЧНО: Первые 2-4 недели = ТОЛЬКО восстановление. НЕ добавлять: витамин C, ретинол, кислоты! 💊 Если дерматолог дал рекомендации — их приоритет выше. ⚠️ SPF 50+++ (не 50+, а +++). ⚠️ Может быть отек, краснота — нормально, пройдет."
cons_026,31,Жирная (мужская кожа),"Себорегуляция, расширенные поры, акне, угревая сыпь",medium,None,Простота + результативность,Начинающий,"product_007, product_051, product_068, product_046","4,042","МУЖСКАЯ КОЖА = более толстый эпидермис, часто более жирная. Routine ПРОСТАЯ (без излишеств). COSRX Low pH (очищение + BHA мягкий). ART & FACT Niacinamide 10% (себорегуляция, анти-воспаление). POGONIA SPF 50+ Idebenone (защита от фотостарения + антиоксидант). Не добавлять: сложные комбинации кислот, множество масок. ГЛАВНОЕ: Простой, эффективный routine (5 минут утро/вечер).","⚠️ Мужчины часто не любят сложный уход → простота = ключ. ✅ Ниацинамид работает отлично для мужской кожи. ✅ SPF нужен, но часто мужчины забывают (напомнить!). 💡 Мотивация: Здоровая кожа = уверенность в себе."
cons_027,27 (беременность),Нормальная + гормональные изменения,"Гормональное акне, меланодермия (пигментация), хлоазма",medium,None,Безопасность плода + результат,Средний,"product_007, product_015, product_045, product_046","4,736","БЕРЕМЕННОСТЬ = гормоны бушуют, кожа может резко измениться. SAFE продукты ТОЛЬКО: COSRX Low pH (мягкое очищение). 8.1.8 b.moisture (безопасная гидратация, нет активных кислот). Dokdo Cream (керамиды). Round Lab SPF 50+++ (защита от меланодермии - главная проблема беременных!). НЕ ИСПОЛЬЗОВАТЬ: Retinol, Salicylic Acid (в высоких концентрациях), витамин C (нестабилизированный), эфирные масла. ГЛАВНОЕ: Защита от солнца (меланодермия = темные пятна на лице при беременности, предотвращать легче, чем лечить потом).",🚨 КРИТИЧНО: Консультация гинеколога ПЕРЕД любыми косметическими процедурами. ⚠️ Retinol и Salicylic Acid (высокие концентрации) НЕ для беременных (тератогенные риски). ✅ Витамин C (Ascorbyl Glucoside) в низкой концентрации OK. ✅ SPF 50+++ ОБЯЗАТЕЛЕН (меланодермия возникает у 70% беременных). 💡 После родов: пигментация часто уходит сама за 3-6 месяцев.
cons_028,19,Жирная + акне (средней тяжести),"Акне, себорегуляция, первый раз серьезное лечение",low,None,Результативность,Начинающий,"product_044, product_062, product_051, product_052, product_066","3,268","МОЛОДЕЖЬ 19 ЛЕТ = можно начать с более активного уча, но медленно. Пенка Dokdo (мягкий BHA). Lactic Acid 9% + LHA (TRUE ALCHEMY, нежная комбинация). Niacinamide 10% (основной антиакне компонент). Azeloglicine 10% (для пигментации постакне). SPF (защита от пигментации при активном лечении). СХЕМА: Понедельник-среда Lactic Acid, четверг-суббота Azeloglicine, воскресенье отдых.","⚠️ ВАЖНО: Вводить кислоты ПОСТЕПЕННО (даже в 19 лет). ⚠️ Может быть раздражение при активном лечении (нормально, пройдет). ✅ Niacinamide + Azeloglicine = мощная комбинация для молодого акне. ✅ SPF (защита от пигментации)."
cons_029,48,Жирная (с опытом ухода),"Морщины + жирность (редкая комбинация), профилактика старения",medium,None,Баланс + anti-age,Продвинутый,"product_018, product_048, product_045, product_041, product_046","7,007","РЕДКИЙ СЛУЧАЙ: Жирная кожа в 48 лет (обычно с возрастом кожа становится суше). Это означает: себорегуляция все еще нужна, но + anti-age. COSRX AHA/BHA/C Toner (двойной пилинг для жирности + витамин C для anti-age). Round Lab Serum (витамин C, осветление + anti-age). Dokdo Cream (легкий, керамиды). Ma:nyo Vitamin Tree (облепиха, витамины ночь). Round Lab SPF (защита). КОМБО: Себорегуляция (через пилинг) + витамин C (anti-age) + легкая гидратация.",✅ Эту кожу ВЕЗЕТ (жирная медленнее стареет!). ⚠️ Не переусложнять (жирная кожа реагирует на излишнее питание закупоркой пор). ✅ Витамин C особенно эффективен для жирной (быстрее впитывается).
cons_030,22,Чувствительная + постакне,"Рубцы, гиперпигментация постакне, чувствительность",medium,"Salicylic Acid, fragrance",Лечение постакне,Средний (с опытом),"product_002, product_023, product_048, product_045, product_037, product_046, product_052","6,521","ПОСТАКНЕ = рубцы + пигментация при чувствительной коже (сложно!). БЕЗ BHA (раздражает). ТОЛЬКО успокаивание + осветление: Bioderma Sensibio Gel (очищение без раздражения). Bioderma Sensibio Тоник (пребиотики). Round Lab Serum (витамин C для осветления, но Ascorbyl Glucoside мягкий). Dokdo Cream (керамиды). Keep Calm (Centella для успокаивания). Azeloglicine (азелаиновая кислота = безопаснее для sensitive + работает на пигментацию!). SPF 50+ (защита от новой пигментации).","⚠️ Рубцы (атрофические) = косметика не сможет убрать полностью (нужна процедура: микронидлинг, лазер). 💊 Консультация дерматолога для рубцов. ✅ Пигментация поддается (витамин C + Azeloglicine). ⚠️ Витамин C (Ascorbyl Glucoside) медленнее работает, но безопаснее."
cons_031,26,Жирная (ночной shift),"Себорегуляция днём, восстановление ночью, усталость кожи",medium,None,Баланс,Средний,"product_044, product_051, product_045, product_040, product_046","6,437","НОЧНОЙ SHIFT = кожа не спит, когда спит хозяйка! Дневной routine (короткий): Dokdo Bubble (очищение). Niacinamide 10% (быстрое действие за 30 сек). Dokdo Cream (легкий). SPF (хоть ночью, защита на случай аварийного выхода на солнце). Ночной routine (долгий, когда спит): Bifida Biome маска (восстановление + пробиотики). ГЛАВНОЕ: Нормализовать circadian rhythm кожи через ночное восстановление.","⚠️ Ночные shift = нарушение циркадного ритма кожи (может быть проблема долгосрочная). ✅ Bifida маска (пробиотики работают во время сна). 💡 Рекомендация: Попробовать нормализовать режим (сон днём), если возможно."
cons_032,44,Комбинированная + меланодермия (хлоазма),"Гиперпигментация на щеках/лбу, хлоазма, неравномерный тон",high,None,Депигментирующее лечение,Продвинутый,"product_018, product_048, product_045, product_059, product_046","7,649","МЕЛАНОДЕРМИЯ/ХЛОАЗМА = тяжелая гиперпигментация, часто от солнца + генетика. Нужна АГРЕССИВНАЯ депигментирующая комбинация: COSRX AHA/BHA/C Toner (двойной пилинг). Round Lab Serum (витамин C для осветления). Dokdo Cream (дневной). Eucerin Anti-Pigment (ГЛАВНЫЙ ПРОДУКТ - Isobutylamido Thiazolyl Resorcinol работает мощно!). SPF 50+++ (обязателен, иначе пигментация усилится!). СХЕМА: Depigmentation + Protection (иначе цикл не сломать).",🚨 КРИТИЧНО: SPF 50+++ ОБЯЗАТЕЛЕН (без защиты = усугубление). ⚠️ Результаты видны через 2-3 месяца (требует терпения). 💊 Если не улучшится за 3 месяца → дерматолог (может быть нужен лазер). ⚠️ Беременность + солнце = меланодермия (предотвращать!).
cons_033,21,Нормальная + себорея (на T-зоне),"Перхоть на лбу/волосах, себорея, неприятный запах",medium,None,Лечение,Начинающий,"product_007, product_051, product_045, product_046","3,961","СЕБОРЕЯ (не просто жирность!) = грибковое воспаление, перхоть на лбу. Нужна ПРОТИВОГРИБКОВАЯ стратегия: COSRX Low pH (мягкий BHA, помогает). Niacinamide 10% (zinc помогает против грибка Malassezia!). Dokdo Cream (легкий, не питательный). SPF (защита). СОВЕТ: Если это себорея → дерматолог (может быть нужен противогрибковый крем, косметика не вся поможет).","💊 ВАЖНО: Себорея = грибковое воспаление, не просто жирность. Консультация дерматолога = ПЕРВЫЙ шаг. ⚠️ Niacinamide + Zinc работают, но может быть недостаточно без дерматологического лечения. 🚨 Перхоть на коже лица (не волос) = признак себореи (требует лечения)."
cons_034,37,Комбинированная + розацеа + акне,"Воспаление, покраснение, акне, расширенные капилляры",high,"Спирты, салициловая кислота, парфюм",Лечение (розацеа + акне),Продвинутый (осторожный),"product_042, product_023, product_051, product_045, product_037, product_046","7,102","РОЗАЦЕА + АКНЕ = редкая комбинация, сложно! Не может быть: сильные кислоты (раздражат розацею) или абразивные (раздражат капилляры). ТОЛЬКО успокаивание + мягкий контроль себума: Mugwort Gel (полынь + Centella). Bioderma Sensibio Тоник (пребиотики). Niacinamide 10% (может помочь с акне, но осторожно - может раздражить розацею если в высокой концентрации). Dokdo Cream (керамиды). Keep Calm (Centella). SPF 50+ (защита от розацеи). ГЛАВНОЕ: Баланс между лечением акне и успокаиванием розацеи.","💊 КРИТИЧНО: Консультация дерматолога = ОБЯЗАТЕЛЬНО (розацеа + акне требует специального лечения). ⚠️ Niacinamide может помочь с себумом, но может раздражить розацею (тестировать осторожно). ⚠️ Спирты = абсолютное НЕТ. 🚨 Возможно, нужна система лечения (метронидазол крем, азелаиновая кислота), а не только косметика."
cons_035,29,Жирная + чувствительная,Жирность + чувствительность к кислотам (редкая комбинация),medium,"Salicylic Acid, AHA",Баланс,Средний (с опытом sensitive),"product_044, product_028, product_051, product_045, product_046","4,701","ЖИРНАЯ + ЧУВСТВИТЕЛЬНАЯ К КИСЛОТАМ = очень сложный баланс. Не может быть: BHA в высокой концентрации (раздражает), сильные AHA (раздражают). ТОЛЬКО очень мягкие кислоты + Niacinamide: Dokdo Bubble (мягкий BHA, но в креме, не в тонере). Acid Key (PHA = самый мягкий пилинг, идеален!). Niacinamide 10% (главный компонент для себорегуляции). Dokdo Cream (легкий). SPF (защита). ГЛАВНОЕ: PHA вместо BHA/AHA (мягче).","⚠️ Если реагирует на кислоты = возможна аллергия на салициловую кислоту (проверить!). ✅ PHA (гюконолактон) = безопаснее для sensitive. ✅ Niacinamide работает для себорегуляции без раздражения. 💡 Возможно, генетическая чувствительность к кислотам (редко, но бывает)."
cons_036,55,"Сухая, зрелая + экзема","Обострения экземы, сухость, воспаление, зуд",high,"Множество (консерванты, спирты, парфюм, металлы)",Лечение + люкс,Продвинутый (осторожный),"product_002, product_023, product_038, product_049, product_040, product_046","7,848","ЭКЗЕМА В ЗРЕЛОМ ВОЗРАСТЕ = очень чувствительная кожа, требует ЛЕЧЕБНОГО подхода. Только ГИПОАЛЛЕРГЕННЫЕ продукты: Bioderma Sensibio Gel (очищение без раздражения). Bioderma Sensibio Тоник (пребиотики восстанавливают). Гельтек NMF Protection (9 аминокислот = best for eczema). Xemose Cream (керамиды + лактическая кислота мягко). Bifida маска ночь (пробиотики = заживление). SPF (защита, но выбирать без металлов, если аллергия на них).","💊 КРИТИЧНО: Экзема = дерматологическое заболевание, требует лечения (не только косметика!). ⚠️ Обострения могут быть триггеры (стресс, климат, аллергены). 🚨 При обострении = паузу на неделю (только очищение + гельтек NMF). ⚠️ Аллергия на металлы (никель) = выбирать SPF без оксидов. 💊 Консультация дерматолога = ОБЯЗАТЕЛЬНО."
cons_037,25,"Жирная (спортсменка, активная кожа)","Себорегуляция, потение, окисление себума (закупорка пор)",medium,None,Простота + результативность,Средний,"product_044, product_018, product_051, product_031, product_066","4,088","СПОРТСМЕНКА/АКТИВНАЯ = кожа потеет много, себум окисляется, закупорка пор. Нужна АНТИОКСИДАНТНАЯ + СЕБОКОНТРОЛИРУЮЩАЯ стратегия: Dokdo Bubble (очищение после тренировки! ВАЖНО). COSRX AHA/BHA/C Toner (витамин C антиоксидирует окисленный себум). Niacinamide 10% (себоконтроль). MASKOHOLIC маска (1x в неделю после тренировки, очищение пор). SPF (защита от солнца + свободных радикалов от загрязнения воздуха при активности). ГЛАВНОЕ: Очищение после тренировки (ключ!).","⚠️ КРИТИЧНО: Очищение СРАЗУ после тренировки (иначе закупорка пор гарантирована). ✅ Витамин C (антиоксидант) особенно полезен для спортсменок. ✅ Niacinamide работает хорошо. 💡 Спортивная одежда = может раздражать кожу (проверить, не синтетика ли провоцирует)."
cons_038,18,Нормальная (папа попросил ухаживать за кожей),"Профилактика, базовый уход, простой routine",low,None,Образование,Начинающий (новичок),"product_001, product_015, product_047, product_046","2,365","МОЛОДОЙ МУЖЧИНА, НОВИЧОК = нужна ОЧЕНЬ простая routine (иначе бросит!). МАКСИМУМ 4 шага: Pleyana пенка (очищение, мягко). 8.1.8 b.moisture (увлажнение, универсальный). Round Lab маска (1x в неделю, если помнит). SPF (защита, но не обязательно ежедневно если не загорает). ГЛАВНОЕ: Привыкнуть к базовому уходу. Потом можно добавлять.",✅ Простота = успех (молодежь часто бросает сложный уход). 💡 Мотивировать: Здоровая кожа → уверенность. ⚠️ Не давить с кислотами / сложными компонентами (будет скучно).
cons_039,52,"Нормальная (после 50, гормональные изменения)","Потеря эластичности (постменопауза), профилактика морщин",high,None,Люкс + anti-age,Продвинутый,"product_050, product_048, product_045, product_041, product_014, product_046","9,205","ПОСТМЕНОПАУЗА (50+) = уровень эстрогена упал → кожа меняется быстро (потеря коллагена, эластичности). Нужна МОЩНАЯ anti-age + адаптогены: PAYOT Creme Riche (ночь, питание + пептиды). Round Lab Serum (витамин C днём). Dokdo Cream (керамиды для потери эластичности). Ma:nyo Vitamin Tree (облепиха ночь, витамины). Pleyana Фитобиотоник (женьшень = адаптоген для гормональных изменений!). Round Lab SPF (защита). КОМБО: витамин C + керамиды + женьшень (адаптоген) + питание = recovery из постменопаузы.","✅ Женьшень особенно полезен при постменопаузе (восполняет потерю эстрогена на коже). ⚠️ Потеря эластичности = требует ДОЛГОСРОЧНОЙ работы (3-6 месяцев). 💡 Рекомендовать консультацию косметолога (может быть нужна процедура: RF, микротоки)."
cons_040,33,"Жирная (работает в офисе, кондиционер)","Себорегуляция, сухость от кондиционера (комбинированная проблема)",medium,None,Баланс,Средний,"product_007, product_018, product_051, product_035, product_046","5,412","ОФИСНАЯ ЖИРНАЯ = воздействие кондиционера (пересушивает), но кожа по природе жирная (противоречие!). Нужен БАЛАНС: COSRX Low pH (очищение). COSRX AHA/BHA/C Toner (двойной пилинг + витамин C). Niacinamide 10% (себорегуляция). VICHY Mineral 89 (легкий крем, баланс между гидратацией и легкостью для жирной). SPF (защита). ГЛАВНОЕ: Легкая гидратация (не масла, не кремы питательные, а гелевые текстуры).","⚠️ Кондиционер = пересушивает (нужна дополнительная гидратация, но легкая). ✅ Mineral 89 (BHA в креме = редкий подход, работает). ✅ Витамин C помогает против свободных радикалов от кондиционера. 💡 На работе = распылять термальную воду (дополнительное увлажнение)."
cons_041,27,"Комбинированная (спешит, стресс, вспышки акне)","Акне от стресса, нерегулярный уход, поиск быстрого решения",low,None,Простота + быстрый результат,Начинающий (нетерпеливый),"product_044, product_051, product_046","2,419","СТРЕССОВОЕ АКНЕ = возникает быстро, спешит. МИНИМАЛЬНЫЙ routine (3 шага, 3 минуты в день): Dokdo Bubble (очищение, двойная функция = очищение + мягкий BHA). Niacinamide 10% (быстрое действие, видимо за неделю). SPF (защита от пигментации стрессового акне). ГЛАВНОЕ: Адгезия к routine (чем проще, тем лучше). Дополнительно: Снизить стресс (рекомендовать йогу, медитацию - стресс = главный триггер!).","⚠️ СТРЕССОВОЕ АКНЕ = требует не только косметики, но и управления стрессом. ✅ Niacinamide + Zinc работают быстро (видимо за 7 дней). 💡 Рекомендовать: Сон, йога, медитация (часто важнее, чем кремы!). 🚨 Если стресс не снизится → акне не исчезнет, даже с лучшей косметикой."
cons_042,48,"Сухая (климат пустыни, переехала)","Экстремальная сухость, потеря влаги, адаптация к новому климату",high,None,Люкс + восстановление,Продвинутый,"product_011, product_038, product_049, product_045, product_041, product_056","8,634","ПЕРЕЕЗД В ПУСТЫНЮ = климатический шок! Воздух сухой, кожа теряет влагу быстро. Нужна ЭКСТРЕМАЛЬНАЯ гидратация + восстановление: Siberian Health пенка (алоэ для успокаивания). Гельтек NMF Protection (восстановление барьера!). Xemose Cream (лактическая кислота + керамиды мягко помогают при экстремальной сухости). Dokdo Cream (керамиды дневь). Ma:nyo Vitamin Tree (облепиха ночь, витамины). NEEDLY Panthenol Serum (пантенол в высокой концентрации, впитывает влагу из воздуха!).","⚠️ Адаптация к новому климату = требует 2-3 недели (кожа адаптируется). ✅ Пантенол = гигроскопичный (впитывает влагу из воздуха, спасает в пустыне!). 💡 Дополнительно: Использовать увлажнитель воздуха (помощь коже). ⚠️ SPF КРИТИЧЕН (пустыня = много УФ)."
cons_043,26,"Жирная (веган, только vegan продукты)","Sebорегуляция, но ТОЛЬКО веганские продукты",medium,None,Веганство,Средний,"product_044, product_028, product_051, product_045, product_046","4,701","ВЕГАН КОСМЕТИКА = очень ограниченный выбор из БД. Жирная кожа, но веган. Выбираем из веганских: Dokdo Bubble (веган). Acid Key (TRUE ALCHEMY, веган). Niacinamide ART & FACT (веган). Dokdo Cream (не уверена, проверить). SPF Round Lab (не уверена, проверить). ПРОБЛЕМА: Many продукты из БД не веган (животные: улитка, медь, Beeswax). РЕКОМЕНДАЦИЯ: Уточнить у каждого бренда (Cruelty-free не = веган).","🚨 ВАЖНО: Cruelty-free ≠ Veganский (может содержать животные компоненты). ⚠️ Многие косметические компоненты (например, керамиды) сложнее найти в веганском формате. 💡 Рекомендация: Искать специализированные веган бренды (The Ordinary, Pacifica, Rahasia). 📌 KOYASH БД содержит мало чисто веганских опций."
cons_044,41,Комбинированная (аллергия на солнцезащиту!),"Контактный дерматит на химические УФ-фильтры, нужна минеральная SPF",high,"Химические УФ-фильтры (Oxybenzone, Octinoxate)",Лечение (минеральный только),Продвинутый,"product_068, product_070, product_046","3,618","АЛЛЕРГИЯ НА ХИМИЧЕСКИЕ УФ-ФИЛЬТРЫ = редко, но бывает. ТОЛЬКО минеральный SPF (Zinc Oxide, Titanium Dioxide). Из БД: POGONIA Idebenone SPF 50+ (минеральный, anti-age). Celimax Dual Barrier SPF 50+ (минеральный, для sensitive). Round Lab SPF 50+ (проверить, гибридный, может быть проблема). ПРОБЛЕМА: Большинство SPF = гибридные (химический + минеральный), трудно найти 100% минеральный. РЕКОМЕНДАЦИЯ: La Roche-Posay Anthelios (100% минеральный), Neutrogena Ultra Sheer Mineral.","🚨 ВАЖНО: Протестировать перед использованием! ⚠️ Минеральные SPF оставляют white cast (белый налет), это нормально. 💡 Альтернатива: физические блокирующие средства (шляпа, одежда, очки)."
cons_045,30,Нормальная (после 1 месяца неправильного ухода),Восстановление после неудачного эксперимента (вред от неправильных продуктов),medium,None,Восстановление + образование,Средний (теперь осторожнее),"product_002, product_020, product_038, product_047, product_046","4,213","""REPAIR MODE"" = неправильный уход повредил кожу (например, агрессивный пилинг). Нужна паузу и восстановление: Bioderma Sensibio Gel (очищение без раздражения). Bioderma Hydrabio Тоник (пребиотики, гидратация). Гельтек NMF Protection (восстановление барьера!). Round Lab маска (гиалуронаты, успокаивание). SPF (защита при восстановлении). ГЛАВНОЕ: Паузу на 2 недели (ТОЛЬКО очищение + гельтек NMF + SPF). Потом медленно добавлять другие продукты.","⚠️ ПАУЗУ = ключ (дать коже время восстановиться). 💡 Обучить: Неправильный уход опаснее, чем отсутствие уход. ✅ NMF система = лучшее для восстановления. 🚨 Если раздражение не прошло за 2 недели → дерматолог."
cons_046,22,Нормальная (студентка),"Базовый уход, профилактика, простота",low,None,Простота + дешево,Начинающий (новичок),"product_011, product_020, product_047, product_046","2,441","САМЫЙ ПРОСТОЙ ROUTINE для молодой нормальной кожи. Siberian Health пенка (520₽, мягко). Bioderma Hydrabio Тоник (1735₽, базовая гидратация). Round Lab маска тканевая (180₽, 1-2x в неделю развлечение). Round Lab SPF 50+ (1448₽). БЕЗ кислот, БЕЗ лишнего. На МЕСЯЦ: ~2440₽ (61₽/день). ВЕРДИКТ: Это то, что нужно студенту. Честно, дешево, работает.","✅ Бюджет справедлив. ✅ NO комбинаций, давай мозгам отдыхать. ⚠️ Маску можешь забыть (это OK)."
cons_047,28,Нормальная (работающая девушка),"Баланс красоты и работы, не сложно",medium,None,Баланс + результат,Средний,"product_007, product_043, product_045, product_046","5,395","ИДЕАЛЬНЫЙ ROUTINE для работающей женщины (30 минут для ухода вообще НЕ будет). COSRX Low Ph Gel (очищение, 1086₽). Round Lab Birch Toner (витамин C мягко, 1446₽). Round Lab 1025 Dokdo Cream (дневной крем, 1601₽). Round Lab SPF 50+ (защита, 1448₽). ВЕЧЕР: Докдо крем же (двойное использование = экономия). БЕЗ маски, БЕЗ сложных рутин. На МЕСЯЦ: ~5395₽ (170₽/день). ГЛАВНОЕ: Все Round Lab (pH буферизирован, работает вместе).",✅ Экономит время + деньги. ✅ Видимый результат (витамин C). ⚠️ Если нет маски — кожа не будет страдать.
cons_048,35,Нормальная (профессионалка),"Профилактика старения, сияние, качество",high,None,Люкс + результат,Продвинутый,"product_050, product_048, product_045, product_046, product_047","8,186","ЛЮКС ANTI-AGE для нормальной кожи (профилактика 35 лет = разумно). PAYOT Creme Riche ночь (питание, 2802₽). Round Lab Serum (витамин C днём, 1689₽). Round Lab Dokdo Cream (дневной, 1601₽). Round Lab SPF 50+ (защита, 1448₽). Round Lab маска тканевая 1-2x в неделю (развлечение, 180₽). БЕЗ лишних активных пилингов (кожа здорова). ВЕРДИКТ: Это профилактический anti-age. Видимый результат через 2-3 месяца (морщинки станут мягче). На МЕСЯЦ: ~8186₽ (273₽/день люкс).",✅ Инвестиция в молодость (work). ✅ Люкс-бренды (PAYOT = честно). ⚠️ Может быть переплата за бренд (есть дешевле аналоги).
cons_049,26,Нормальная (минималистка),"Честный уход, без излишеств",low,None,Минимализм + честность,Начинающий,"product_001, product_014, product_045, product_046","3,541","МИНИМАЛЬНЫЙ HONEST ROUTINE. Pleyana пенка (743₽). Pleyana Фитобиотоник (женьшень адаптоген, 1152₽). Round Lab Dokdo Cream (1601₽). Round Lab SPF 50+ (1448₽). БЕЗ маски. БЕЗ тоников лишних. БЕЙ В ЦЕЛь: Очищение → Адаптоген → Крем → SPF. На МЕСЯЦ: ~3541₽ (118₽/день). ВЕРДИКТ: Это то, что нужно здоровой коже. Честно.",✅ Фитобиотоник (женьшень) — редкий элемент (омолаживает). ✅ Дешево при качестве. ⚠️ БЕЗ витамина C (если хочешь осветление → добавь Round Lab Serum).
cons_050,31,Нормальная (постоянно в дороге),"Путешествия, портативность, простота",medium,None,Удобство + качество,Средний,"product_004, product_015, product_045, product_046","3,283","TRAVEL-FRIENDLY ROUTINE (компактно, не займет место в сумке). Aravia Миcellar Water (505₽, очищение без воды). 8.1.8 b.moisture (562₽, маленький гель-крем универсальный). Round Lab Dokdo Cream (1601₽, питание/ночь). Round Lab SPF 50+ (1448₽, защита). БЕЗ тоников (мицеллярная вода = очищение+тонирование). На МЕСЯЦ: ~3283₽. ВЕРДИКТ: Perfect for business trips. Всё в рюкзак, всё работает.",✅ Компактный вес. ✅ Быстро применять (5 минут). ⚠️ Без маски (путешествия не место для масок).
cons_051,24,Нормальная (спортсменка/йогиня),"Восстановление после спорта, свежесть",low,None,Натуральность + простота,Начинающий,"product_011, product_028, product_045, product_046","2,945","СПОРТИВНЫЙ ROUTINE (быстрое восстановление кожи после тренировок). Siberian Health пенка с алоэ (очищение после пота, 520₽). DE_CODE Acid Key (мягкий PHA, 1x в неделю пилинг, 399₽). Round Lab Dokdo Cream (легкий, для спорта 1601₽). Round Lab SPF 50+ (защита от солнца при активности, 1448₽). БЕЗ масок (потеешь достаточно). На МЕСЯЦ: ~2945₽. ВЕРДИКТ: Для активных. Siberian Health — натуральный выбор. DE_CODE мягкий (для новичка в пилингах).",✅ Натуральные ингредиенты (для спорта важно). ✅ Быстро (спортсмены торопятся). ⚠️ После тренировки сразу очистить (потом кремить).
cons_052,38,"Нормальная (домохозяйка, забота о коже)","Ежедневный уход, профилактика, расслабление",medium,None,Забота + люкс,Средний,"product_014, product_043, product_050, product_045, product_046, product_047","8,433","ЛЮКС-ДОМАШНИЙ ROUTINE (есть время ухаживать спокойно). Pleyana Фитобиотоник (женьшень, успокаивает, 1152₽). Round Lab Birch Toner (витамин C, 1446₽). PAYOT Creme Riche ночь (питание роскошь, 2802₽). Round Lab Dokdo Cream днём (1601₽). Round Lab SPF 50+ (1448₽). Round Lab маска 2x в неделю (развлечение, маски =расслабление, 180₽). На МЕСЯЦ: ~8433₽. ВЕРДИКТ: Это забота о себе. Тонкие морщины будут мягче через месяц. Маска + PAYOT = люкс.",✅ Время для красоты (домохозяйка может позволить). ✅ Видимый результат (витамин C + PAYOT). ⚠️ PAYOT только НОЧЬ (фототоксичное масло).
cons_053,29,"Нормальная (busy mom, 2 детей)","Быстро, мама, но хочет сияния",low,None,Скорость + сияние,Начинающий,"product_001, product_015, product_047, product_046","2,441","МАМЕ-РУТИН (5 минут включая детей). Pleyana пенка (743₽, быстро). 8.1.8 b.moisture (562₽, универсальный). Round Lab маска 1x в неделю (себе, расслабление, 180₽). Round Lab SPF 50+ (1448₽, защита). БЕЙ В ЦЕЛЬ: Очистить → крем → SPF. На МЕСЯЦ: ~2441₽. ВЕРДИКТ: Мама может себе позволить. Быстро, работает, дешево. Маска по вечерам = её личное время.",✅ Быстро (на что у мамы есть время?). ✅ Видно улучшение (витамин A в 8.1.8). ⚠️ Маска факультативная (если нет времени — пропустить).
cons_054,33,Нормальная (предпринимательница),"Стресс от работы, отдых, качество",high,None,Люкс + anti-stress,Продвинутый,"product_014, product_048, product_045, product_046, product_040","9,564","ANTI-STRESS ЛЮКС ROUTINE (забота о коже = забота о себе при стрессе). Pleyana Фитобиотоник (женьшень адаптоген НА СТРЕСС, 1152₽). Round Lab Serum (витамин C, 1689₽). Round Lab Dokdo Cream (1601₽). Round Lab SPF 50+ (1448₽). Ma:nyo Bifida маска ночь 3-4x в неделю (пробиотики восстанавливают при стрессе, 3667₽). На МЕСЯЦ: ~9564₽. ВЕРДИКТ: Стресс = нарушение микробиома. Bifida + женьшень восстанавливают. Люкс для CEO.",✅ Женьшень работает на стресс (адаптоген). ✅ Bifida = восстановление микробиома (важно при стрессе). ⚠️ ДОРОГО (но CEO себе может позволить).
cons_055,27,Нормальная (эко-минималистка),"Натуральность, веганство, простота",medium,None,Веган + натуральность,Средний,"product_011, product_043, product_045, product_046, product_047","5,307","ВЕГАН ROUTINE для нормальной кожи. Siberian Health пенка (натуральная, 520₽). Round Lab Birch Toner (веган, 1446₽). Round Lab Dokdo Cream (веган?, проверить, 1601₽). Round Lab SPF 50+ (веган?, проверить, 1448₽). Round Lab маска тканевая (веган, 180₽). На МЕСЯЦ: ~5307₽. ВЕРДИКТ: Веган-friendly (Siberian Health явно натуральный + веган). Round Lab — проверить бренд (вероятно веган, азиатский). Честный выбор.",✅ Натуральные ингредиенты (Siberian Health = сибирские травы). ✅ Веган-friendly. ⚠️ Проверить бренды на веганство (азиатские иногда не указывают).